{
  "records": [
    [
      {
        "id": "1",
        "date": "date 1",
        "title": "title 1",
        "amount": "amount 1"
      },
      {
        "id": "2",
        "date": "date 2",
        "title": "title 2",
        "amount": "amount 2"
      },
      {
        "id": "3",
        "date": "date 3",
        "title": "title 3",
        "amount": "amount 3"
      },
      {
        "id": "4",
        "date": "date 4",
        "title": "title 4",
        "amount": "amount 4"
      },
      {
        "id": "5",
        "date": "date 5",
        "title": "title 5",
        "amount": "amount 5"
      },
      {
        "id": "6",
        "date": "date 6",
        "title": "title 6",
        "amount": "amount 6"
      },
      {
        "id": "7",
        "date": "date 7",
        "title": "title 7",
        "amount": "amount 7"
      },
      {
        "id": "8",
        "date": "date 8",
        "title": "title 8",
        "amount": "amount 8"
      },
      {
        "id": "9",
        "date": "date 9",
        "title": "title 9",
        "amount": "amount 9"
      },
      {
        "id": "10",
        "date": "date 10",
        "title": "title 10",
        "amount": "amount 10"
      }
    ],
    {
      "id": "11",
      "date": "2018-02-09",
      "title": "收入",
      "amount": "35"
    }
  ]
}